-- MySQL dump 10.13  Distrib 8.0.12, for macos10.13 (x86_64)
--
-- Host: localhost    Database: wineDB
-- ------------------------------------------------------
-- Server version	8.0.12

 SET NAMES utf8 ;

--
-- Table structure for table `address`
--

DROP TABLE IF EXISTS `address`;
 SET character_set_client = utf8mb4 ;
CREATE TABLE `address` (
  `customer_id` int(11) NOT NULL,
  `street` varchar(30) NOT NULL,
  `city` varchar(25) NOT NULL,
  `state` varchar(25) NOT NULL,
  `country` varchar(25) NOT NULL,
  `zipcode` varchar(10) NOT NULL,
  PRIMARY KEY (`customer_id`)
) ENGINE=InnoDB DEFAULT CHARSET=utf8 COLLATE=utf8_general_ci;
--
-- Dumping data for table `address`
--

LOCK TABLES `address` WRITE;
UNLOCK TABLES;

--
-- Table structure for table `birthday`
--

DROP TABLE IF EXISTS `birthday`;
 SET character_set_client = utf8mb4 ;
CREATE TABLE `birthday` (
  `customer_id` int(11) NOT NULL,
  `month` varchar(10) NOT NULL,
  `day` int(11) NOT NULL,
  `year` int(11) NOT NULL,
  PRIMARY KEY (`customer_id`)
) ENGINE=InnoDB DEFAULT CHARSET=utf8 COLLATE=utf8_general_ci;

--
-- Dumping data for table `birthday`
--

LOCK TABLES `birthday` WRITE;
UNLOCK TABLES;

--
-- Table structure for table `cellar`
--

DROP TABLE IF EXISTS `cellar`;
 SET character_set_client = utf8mb4 ;
CREATE TABLE `cellar` (
  `customer_id` int(11) NOT NULL,
  `wine_id` int(11) NOT NULL,
  `qty` int(3) NOT NULL DEFAULT '1',
  PRIMARY KEY (`customer_id`,`wine_id`)
) ENGINE=InnoDB DEFAULT CHARSET=utf8 COLLATE=utf8_general_ci;

--
-- Dumping data for table `cellar`
--

LOCK TABLES `cellar` WRITE;
UNLOCK TABLES;

--
-- Table structure for table `customer`
--

DROP TABLE IF EXISTS `customer`;
 SET character_set_client = utf8mb4 ;
CREATE TABLE `customer` (
  `customer_id` int(11) NOT NULL,
  `f_name` varchar(20) NOT NULL,
  `l_name` varchar(20) NOT NULL,
  `email` varchar(45) NOT NULL,
  `pass` varchar(25) NOT NULL,
  PRIMARY KEY (`customer_id`)
) ENGINE=InnoDB DEFAULT CHARSET=utf8 COLLATE=utf8_general_ci;

--
-- Dumping data for table `customer`
--

LOCK TABLES `customer` WRITE;
UNLOCK TABLES;

--
-- Table structure for table `notes`
--

DROP TABLE IF EXISTS `notes`;
 SET character_set_client = utf8mb4 ;
CREATE TABLE `notes` (
  `wine_id` int(11) NOT NULL,
  `note1` varchar(25) DEFAULT NULL,
  `note2` varchar(25) DEFAULT NULL,
  PRIMARY KEY (`wine_id`)
) ENGINE=InnoDB DEFAULT CHARSET=utf8 COLLATE=utf8_general_ci;

--
-- Dumping data for table `notes`
--

LOCK TABLES `notes` WRITE;
INSERT INTO `notes` VALUES (1,'Light','Perfumed'),(2,'Light','Perfumed'),(3,'Light','Perfumed'),(4,'Light','Perfumed'),(5,'Light','Perfumed'),(6,'Light','Perfumed'),(7,'Light','Perfumed'),(8,'Light','Perfumed'),(9,'Light','Perfumed'),(10,'Light','Perfumed'),(11,'Light','Perfumed'),(12,'Light','Perfumed'),(13,'Light','Perfumed'),(14,'Light','Perfumed'),(15,'Light','Perfumed'),(16,'Light','Perfumed'),(17,'Light','Perfumed'),(18,'Light','Perfumed'),(19,'Light','Perfumed'),(20,'Light','Perfumed'),(21,'Light','Perfumed'),(22,'Light','Perfumed'),(23,'Savory','Classic'),(24,'Savory','Classic'),(25,'Savory','Classic'),(26,'Savory','Classic'),(27,'Savory','Classic'),(28,'Savory','Classic'),(29,'Savory','Classic'),(30,'Savory','Classic'),(31,'Savory','Classic'),(32,'Savory','Classic'),(33,'Savory','Classic'),(34,'Savory','Classic'),(35,'Savory','Classic'),(36,'Savory','Classic'),(37,'Savory','Classic'),(38,'Savory','Classic'),(39,'Savory','Classic'),(40,'Savory','Classic'),(41,'Savory','Classic'),(42,'Savory','Classic'),(43,'Savory','Classic'),(44,'Savory','Classic'),(45,'Savory','Classic'),(46,'Savory','Classic'),(47,'Savory','Classic'),(48,'Bold','Structured'),(49,'Bold','Structured'),(50,'Bold','Structured'),(51,'Bold','Structured'),(52,'Bold','Structured'),(53,'Bold','Structured'),(54,'Bold','Structured'),(55,'Bold','Structured'),(56,'Bold','Structured'),(57,'Bold','Structured'),(58,'Rich','Intense'),(59,'Rich','Intense'),(60,'Rich','Intense'),(61,'Rich','Intense'),(62,'Rich','Intense'),(63,'Rich','Intense'),(64,'Rich','Intense'),(65,'Rich','Intense'),(66,'Rich','Intense'),(67,'Rich','Intense'),(68,'Rich','Intense'),(69,'Rich','Intense'),(70,'Rich','Intense'),(71,'Rich','Intense'),(72,'Aromatic','Floral'),(73,'Aromatic','Floral'),(74,'Aromatic','Floral'),(75,'Aromatic','Floral'),(76,'Aromatic','Floral'),(77,'Aromatic','Floral'),(78,'Aromatic','Floral'),(79,'Aromatic','Floral'),(80,'Aromatic','Floral'),(81,'Aromatic','Floral'),(82,'Aromatic','Floral'),(83,'Aromatic','Floral'),(84,'Green','Flinty'),(85,'Green','Flinty'),(86,'Green','Flinty'),(87,'Green','Flinty'),(88,'Green','Flinty'),(89,'Green','Flinty'),(90,'Green','Flinty'),(91,'Green','Flinty'),(92,'Green','Flinty'),(93,'Green','Flinty'),(94,'Green','Flinty'),(95,'Green','Flinty'),(96,'Green','Flinty'),(97,'Green','Flinty'),(98,'Green','Flinty'),(99,'Tropical','Balanced'),(100,'Tropical','Balanced'),(101,'Tropical','Balanced'),(102,'Tropical','Balanced'),(103,'Tropical','Balanced'),(104,'Tropical','Balanced'),(105,'Tropical','Balanced'),(106,'Tropical','Balanced'),(107,'Tropical','Balanced'),(108,'Tropical','Balanced'),(109,'Tropical','Balanced'),(110,'Tropical','Balanced'),(111,'Tropical','Balanced'),(112,'Tropical','Balanced'),(113,'Tropical','Balanced'),(114,'Buttery','Complex'),(115,'Buttery','Complex'),(116,'Buttery','Complex'),(117,'Buttery','Complex'),(118,'Buttery','Complex'),(119,'Buttery','Complex'),(120,'Buttery','Complex'),(121,'Buttery','Complex'),(122,'Buttery','Complex'),(123,'Buttery','Complex'),(124,'Buttery','Complex'),(125,'Buttery','Complex'),(126,'Buttery','Complex'),(127,'Buttery','Complex'),(128,'Buttery','Complex'),(129,'Lush','Balanced'),(130,'Lush','Balanced'),(131,'Lush','Balanced'),(132,'Lush','Balanced'),(133,'Lush','Balanced'),(134,'Lush','Balanced'),(135,'Lush','Balanced'),(136,'Lush','Balanced'),(137,'Lush','Balanced'),(138,'Lush','Balanced'),(139,'Lush','Balanced'),(140,'Lush','Balanced'),(141,'Lush','Balanced'),(142,'Lush','Balanced'),(143,'Lush','Balanced'),(144,'Caramelized','Sticky'),(145,'Caramelized','Sticky'),(146,'Caramelized','Sticky'),(147,'Caramelized','Sticky'),(148,'Caramelized','Sticky'),(149,'Caramelized','Sticky'),(150,'Caramelized','Sticky'),(151,'Caramelized','Sticky'),(152,'Caramelized','Sticky'),(153,'Caramelized','Sticky'),(154,'Caramelized','Sticky'),(155,'Caramelized','Sticky'),(156,'Caramelized','Sticky'),(157,'Caramelized','Sticky'),(158,'Caramelized','Sticky'),(159,'Rich','Warming'),(160,'Rich','Warming'),(161,'Rich','Warming'),(162,'Rich','Warming'),(163,'Rich','Warming'),(164,'Rich','Warming'),(165,'Rich','Warming'),(166,'Rich','Warming'),(167,'Rich','Warming'),(168,'Rich','Warming'),(169,'Rich','Warming'),(170,'Rich','Warming'),(171,'Rich','Warming'),(172,'Rich','Warming'),(173,'Rich','Warming'),(174,'Dry','Nutty'),(175,'Dry','Nutty'),(176,'Dry','Nutty'),(177,'Dry','Nutty'),(178,'Dry','Nutty'),(179,'Dry','Nutty'),(180,'Dry','Nutty'),(181,'Dry','Nutty'),(182,'Dry','Nutty'),(183,'Dry','Nutty'),(184,'Dry','Nutty'),(185,'Dry','Nutty'),(186,'Dry','Nutty'),(187,'Crisp','Dry'),(188,'Crisp','Dry'),(189,'Crisp','Dry'),(190,'Crisp','Dry'),(191,'Crisp','Dry'),(192,'Crisp','Dry'),(193,'Crisp','Dry'),(194,'Crisp','Dry'),(195,'Crisp','Dry'),(196,'Crisp','Dry'),(197,'Crisp','Dry'),(198,'Rich','Fruity'),(199,'Rich','Fruity'),(200,'Rich','Fruity'),(201,'Rich','Fruity'),(202,'Rich','Fruity'),(203,'Rich','Fruity'),(204,'Rich','Fruity'),(205,'Rich','Fruity'),(206,'Rich','Fruity'),(207,'Rich','Fruity'),(208,'Rich','Fruity'),(209,'Rich','Fruity'),(210,'Rich','Fruity'),(211,'Rich','Fruity'),(212,'Fresh','Youthful'),(213,'Fresh','Youthful'),(214,'Fresh','Youthful'),(215,'Fresh','Youthful'),(216,'Fresh','Youthful'),(217,'Fresh','Youthful'),(218,'Fresh','Youthful'),(219,'Fresh','Youthful'),(220,'Fresh','Youthful'),(221,'Complex','Traditional'),(222,'Complex','Traditional'),(223,'Complex','Traditional'),(224,'Complex','Traditional'),(225,'Complex','Traditional'),(226,'Complex','Traditional'),(227,'Complex','Traditional'),(228,'Complex','Traditional'),(229,'Complex','Traditional'),(230,'Complex','Traditional'),(231,'Complex','Traditional'),(232,'Complex','Traditional'),(233,'Complex','Traditional'),(234,'Complex','Traditional'),(235,'Complex','Traditional'),(236,'Berries','Cream'),(237,'Berries','Cream'),(238,'Berries','Cream'),(239,'Berries','Cream'),(240,'Berries','Cream'),(241,'Berries','Cream'),(242,'Berries','Cream'),(243,'Berries','Cream'),(244,'Berries','Cream'),(245,'Berries','Cream'),(246,'Berries','Cream'),(247,'Berries','Cream'),(248,'Berries','Cream'),(249,'Berries','Cream'),(250,'Sweet','Spritzy'),(251,'Sweet','Spritzy'),(252,'Sweet','Spritzy'),(253,'Sweet','Spritzy'),(254,'Sweet','Spritzy'),(255,'Sweet','Spritzy'),(256,'Sweet','Spritzy'),(257,'Sweet','Spritzy'),(258,'Aromatic','Floral'),(259,'Rich','Warming'),(260,'Light','Perfumed'),(261,'Green','Flinty'),(262,'Rich','Intense'),(263,'Tropical','Balanced'),(264,'Rich','Fruity'),(265,'Rich','Warming');
UNLOCK TABLES;

--
-- Table structure for table `origin`
--

DROP TABLE IF EXISTS `origin`;
 SET character_set_client = utf8mb4 ;
CREATE TABLE `origin` (
  `wine_id` int(11) NOT NULL,
  `producer` varchar(30) DEFAULT NULL,
  `region` varchar(25) DEFAULT NULL,
  `country` varchar(25) DEFAULT NULL,
  PRIMARY KEY (`wine_id`)
) ENGINE=InnoDB DEFAULT CHARSET=utf8 COLLATE=utf8_general_ci;

--
-- Dumping data for table `origin`
--

LOCK TABLES `origin` WRITE;
INSERT INTO `origin` VALUES (1,'Domaine Leroy','Bourgogne Rouge','France'),(2,'Domaine Marcel Lapierre','Morgon','France'),(3,'Domaine Jean Foillard','Morgon','France'),(4,'Colene Clemens Vineyards','Willamette Valley','United States'),(5,'Sea Smoke Cellars','Sta Rita Hills','United States'),(6,'Louis Jadot','Bourgogne Rouge','France'),(7,'Sea Smoke Cellars','Sta Rita Hills','United States'),(8,'Meiomi Wines','California','United States'),(9,'Ata Rangi','Martinborough','New Zealand'),(10,'Gantenbein Wine','Graubunden','Switzerland'),(11,'Belle Glos','Santa Lucia Highlands','United States'),(12,'Domaine Serene','Willamette Valley','United States'),(14,'Domaine de la Cote','Sta Rita Hills','United States'),(15,'Georges Duboeuf','Beaujolais Nouveau','France'),(16,'Belle Glos','Santa Maria Valley','United States'),(17,'Scott Paul Wines','Willamette Valley','United States'),(18,'Cloudy Bay Vineyards','Martinborough','New Zealand'),(21,'Calera Jensen Vineyard','Mount Harlan','United States'),(22,'Beaux Freres','Willamette Valley','United States'),(23,'Chateau Mouton Rothschild','Pauillac','France'),(24,'Chateau Lafite Rothschild','Pauillac','France'),(25,'Petrus','Pomerol','France'),(26,'Chateau Margaux','Margaux','France'),(27,'Chateau Latour','Pauillac','France'),(28,'Domaine de la Romanee-Conti','Romanee-Conti','France'),(29,'Chateau Haut-Brion','Pessac-Leognan','France'),(30,'Domaine de la Romanee-Conti','La Tache','France'),(31,'Chateau Cheval Blanc','Saint-Emilion Grand Cru','France'),(32,'Chateau Lynch-Bages','Pauillac','France'),(33,'Chateau Pontet-Canet','Pauillac','France'),(34,'Chateau Cos dEstournel','Saint-Estephe','France'),(35,'Chateau Leoville-Las Cases','Saint-Julien','France'),(36,'Chateau Montrose','Saint-Estephe','France'),(38,'Chateau Palmer','Margaux','France'),(40,'Chateau Angelus','Saint-Emilion Grand Cru','France'),(41,'Chateau Ducru-Beaucaillou','Saint-Julien','France'),(42,'Chateau Leoville Barton','Saint-Julien','France'),(43,'Domaine Armand Rousseau','Le Chambertin','France'),(44,'Chateau La Mission Haut-Brion','Pessac-Leognan','France'),(45,'Chateau Leoville Poyferre','Saint-Julien','France'),(46,'Chateau Pavie','Saint-Emilion Grand Cru','France'),(47,'Chateau Talbot','Saint-Julien','France'),(48,'Opus One','Napa Valley','United States'),(49,'Tenuta San Guido - Sassicaia','Bolgheri','Italy'),(50,'Marchesi Antinori','Toscana IGT','Italy'),(51,'Masseto','Toscana IGT','Italy'),(52,'Marchesi Antinori','Toscana IGT','Italy'),(53,'Ornellaia','Bolgheri','Italy'),(54,'Dominus Estate','Napa Valley','United States'),(55,'Screaming Eagle','Napa Valley','United States'),(56,'Joseph Phelps Vineyards','Napa Valley','United States'),(57,'Caymus Vineyards','Napa Valley','United States'),(58,'Penfolds','South Australia','Australia'),(59,'Chateau de Beaucastel','Chateauneuf-du-Pape','France'),(60,'Vega Sicilia','Ribera del Duero','Spain'),(61,'Chateau Rayas','Chateauneuf-du-Pape','France'),(62,'Paul Avril Clos des Papes','Chateauneuf-du-Pape','France'),(63,'Penfolds','South Australia','Australia'),(64,'Domaine Du Pegau','Chateauneuf-du-Pape','France'),(66,'Vega Sicilia','Ribera del Duero','Spain'),(67,'Penfolds','South Australia','Australia'),(70,'Dominio de Pingus','Ribera del Duero','Spain'),(71,'Penfolds','South Australia','Australia'),(73,'Vietti','Moscato d\'Asti','Italy'),(74,'Bartenura Wines','Italy','Italy'),(75,'La Spinetta','Moscato d\'Asti','Italy'),(76,'Maison Trimbach','Alsace','France'),(77,'Henkell Sektkellerei','Germany','Germany'),(78,'Coppo','Moscato d\'Asti','Italy'),(79,'Paolo Saracco','Moscato d\'Asti','Italy'),(80,'Marcel Deiss','Altenberg de Bergheim','France'),(81,'Michele Chiarlo','Moscato d\'Asti','Italy'),(82,'Famille Hugel','Alsace','France'),(83,'Elio Perrone','Moscato d\'Asti','Italy'),(84,'Didier Dagueneau','Pouilly-Fume','France'),(85,'Maison Trimbach','Clos Sainte Hune','France'),(86,'Chateau dYquem','Bordeaux','France'),(88,'Chateau Haut-Brion','Pessac-Leognan','France'),(89,'Domaine de Chevalier','Pessac-Leognan','France'),(90,'Cloudy Bay Vineyards','Marlborough','New Zealand'),(93,'Chateau Smith Haut Lafitte','Pessac-Leognan','France'),(94,'Chateau Margaux','Bordeaux','France'),(96,'Castello della Sala','Umbria IGT','Italy'),(98,'Domaine Francois Raveneau','Chablis Grand Cru Valmur','France'),(99,'Weingut Keller','Rheinhessen','Germany'),(100,'Domaine Jean-Louis Chave','Hermitage','France'),(101,'E. Guigal','Condrieu','France'),(102,'Chateau de Beaucastel','Chateauneuf-du-Pape','France'),(103,'Weingut Keller','Dalsheim','Germany'),(104,'Weingut Keller','Westhofen','Germany'),(105,'Weingut Keller','Westhofen','Germany'),(106,'M. Chapoutier','Hermitage','France'),(107,'Kumeu River Winery','Kumeu','New Zealand'),(108,'Chateau-Grillet','Chateau-Grillet','France'),(109,'Weingut Wittmann','Westhofen','Germany'),(110,'Chateau de Beaucastel','Chateauneuf-du-Pape','France'),(111,'Kumeu River Winery','Kumeu','New Zealand'),(112,'Kumeu River Winery','Kumeu','New Zealand'),(113,'M. Chapoutier','Hermitage','France'),(114,'Domaine de la Romanee-Conti','Le Montrachet','France'),(115,'Coche-Dury','Meursault','France'),(116,'Domaine Leflaive','Chevalier-Montrachet','France'),(117,'Domaine Bonneau du Martray','Corton-Charlemagne','France'),(118,'Coche-Dury','Corton-Charlemagne','France'),(119,'Domaine Leflaive','Batard-Montrachet','France'),(121,'Coche-Dury','Meursault Perrieres','France'),(122,'Domaine Ramonet','Le Montrachet','France'),(124,'Louis Latour','Corton-Charlemagne','France'),(125,'Joseph Drouhin','Le Montrachet','France'),(126,'Domaine Leflaive','Puligny-Montrachet','France'),(127,'Domaine des Comtes Lafon','Le Montrachet','France'),(128,'Domaine Leflaive','Le Montrachet','France'),(129,'Chateau dYquem','Sauternes','France'),(130,'Chateau Rieussec','Sauternes','France'),(131,'Chateau Suduiraut','Sauternes','France'),(132,'Chateau Coutet - Barsac','Barsac','France'),(133,'Chateau Climens','Barsac','France'),(134,'Chateau Guiraud','Sauternes','France'),(135,'Klein Constantia','Constantia','South Africa'),(136,'Weingut Egon Muller','Wiltingen','Germany'),(137,'Weingut Joh. Jos. Prum','Wehlen','Germany'),(138,'Weingut Egon Muller','Wiltingen','Germany'),(140,'Chateau Lafaurie-Peyraguey','Sauternes','France'),(141,'Royal Tokaji','Tokaj','Hungary'),(142,'Chateau La Tour Blanche','Sauternes','France'),(143,'Weingut Egon Muller','Wiltingen','Germany'),(144,'Toro Albala','Montilla-Moriles','Spain'),(145,'Royal Tokaji','Tokaj','Hungary'),(146,'Chateau Pajzos','Tokaj','Hungary'),(147,'Toro Albala','Montilla-Moriles','Spain'),(148,'KEO Group','Commandaria','Cyprus'),(149,'Alvear','Montilla-Moriles','Spain'),(155,'Tokaj Oremus','Tokaj','Hungary'),(156,'Royal Tokaji','Tokaj','Hungary'),(157,'Toro Albala','Montilla-Moriles','Spain'),(159,'Taylor Fladgate','Vintage Port','Portugal'),(160,'Dows Port','Vintage Port','Portugal'),(161,'Grahams Port','Vintage Port','Portugal'),(162,'Fonseca Porto','Vintage Port','Portugal'),(164,'Warres','Vintage Port','Portugal'),(165,'Quinta Do Noval','Vintage Port','Portugal'),(166,'Quinta Do Noval','Single Quinta Vintage','Portugal'),(167,'Niepoort','Vintage Port','Portugal'),(168,'Kopke','Colheita Port','Portugal'),(169,'Cockburns Port','Vintage Port','Portugal'),(170,'Sandeman','Vintage Port','Portugal'),(171,'Croft Port','Vintage Port','Portugal'),(172,'Quinta do Vesuvio','Single Quinta Vintage','Portugal'),(173,'Taylor Fladgate','Single Quinta Vintage','Portugal'),(174,'Domaine Jean Macle','Chateau-Chalon','France'),(175,'Jacques Puffeney','Arbois','France'),(176,'Domaine Berthet Bondet','Chateau-Chalon','France'),(177,'Henri Maire','Arbois','France'),(178,'DOliveiras','Madeira Sercial','Portugal'),(179,'Jean Francois Ganevat','Cotes du Jura','France'),(180,'Gonzalez Byass','Fino Sherry','Spain'),(181,'Domaine Jean Bourdy','Chateau-Chalon','France'),(182,'Domaine de Montbourgeau','LEtoile','France'),(183,'Chateau dArlay','Cotes du Jura','France'),(184,'Blandys Madeira','Madeira Sercial','Portugal'),(186,'Malamatina','Greece','Greece'),(187,'Chateau dEsclans','Cotes de Provence','France'),(188,'Miraval','Cotes de Provence','France'),(189,'Chateau Minuty','Cotes de Provence','France'),(190,'Domaines Ott','Bandol','France'),(191,'Domaine Tempier','Bandol','France'),(192,'Chateau dEsclans','Cotes de Provence','France'),(193,'Domaines Ott','Cotes de Provence','France'),(194,'Mi Mi en Provence','Cotes de Provence','France'),(195,'Chateau Haut Chatain','Lalande-de-Pomerol','France'),(196,'Chateau La Gordonne','Cotes de Provence','France'),(197,'Elio Perrone','Piedmont','Italy'),(198,'Frank Cornelissen','Terre Siciliane IGT','Italy'),(199,'Mateus','Portugal','Portugal'),(200,'Lopez de Heredia Vina Tondonia','Rioja','Spain'),(201,'Gerard Bertrand','Languedoc','France'),(202,'Wolffer Estate Vineyard','Long Island','United States'),(204,'Beringer Vineyards','California','United States'),(205,'Wolffer Estate Vineyard','Long Island','United States'),(206,'Rockford Wines','Barossa Valley','Australia'),(207,'La Spinetta','Toscana IGT','Italy'),(208,'Chateau Puech - Haut','Saint-Drezery','France'),(209,'Gallo Family Vineyards','California','United States'),(210,'Francis Ford Coppola Winery','North Coast','United States'),(212,'Sieur dArques Winery','Blanquette de Limoux','France'),(213,'Bottega S.p.A','Prosecco','Italy'),(214,'La Marca','Prosecco','Italy'),(215,'Innocent Bystander','Victoria','Australia'),(216,'I Vignaioli di S. Stefano','Moscato dAsti','Italy'),(218,'Brut Dargent','Cotes du Jura','France'),(219,'Veuve du Vernay','Beaune','France'),(220,'Freixenet','Cava','Spain'),(221,'Dom Perignon','Champagne Brut','France'),(222,'Louis Roederer','Champagne Brut','France'),(223,'Krug','Champagne Brut','France'),(224,'Champagne Salon','Champagne Blanc de Blancs','France'),(225,'Champagne Moet & Chandon','Champagne Brut','France'),(226,'Champagne Pol Roger','Champagne Brut','France'),(227,'Champagne Taittinger','Champagne Blanc de Blancs','France'),(228,'Veuve Clicquot','Champagne Brut','France'),(229,'Champagne Perrier Jouet','Champagne Brut','France'),(230,'Krug','Champagne Blanc de Blancs','France'),(231,'Champagne Bollinger','Champagne Brut','France'),(232,'Champagne Pol Roger','Champagne Brut','France'),(233,'Champagne Bollinger','Champagne Extra Brut','France'),(234,'Dom Perignon','Champagne Brut','France'),(235,'Veuve Clicquot','Champagne Brut','France'),(236,'Dom Perignon','Champagne Rose','France'),(237,'Louis Roederer','Champagne Rose','France'),(238,'Champagne Moet & Chandon','Champagne Rose','France'),(239,'Veuve Clicquot','Champagne Rose','France'),(240,'Champagne Perrier Jouet','Champagne Rose','France'),(241,'Champagne Billecart-Salmon','Champagne Rose','France'),(242,'Champagne Bollinger','Champagne Rose','France'),(243,'Champagne Taittinger','Champagne Rose','France'),(244,'Krug','Champagne Rose','France'),(245,'Laurent-Perrier','Champagne Rose','France'),(246,'Champagne Ruinart','Champagne Rose','France'),(247,'Louis Roederer','Champagne Rose','France'),(248,'Jacques Selosse Estate','Champagne Rose','France'),(249,'Champagne Charles Heidsieck','Champagne Rose','France'),(250,'Braida di Bologna Giacomo','Brachetto dAcqui','Italy'),(251,'Martini','Asti','Italy'),(252,'Bottega S.p.A','Colli Euganei','Italy'),(253,'Castello Banfi','Brachetto dAcqui','Italy'),(254,'Marenco','Brachetto dAcqui','Italy'),(255,'Mondoro','Asti','Italy'),(256,'Champagne Moet & Chandon','Champagne Demi-Sec','France'),(258,'Elmaro Vineyard','Trempealeau','United States'),(259,'Door Peninsula Winery','Door County','United States'),(260,'Elmaro Vineyard','Trempealeau','United States'),(261,'Elmaro Vineyard','Trempealeau','United States'),(262,'Cedar Creek Winery','Cedarburg','United States'),(263,'Elmaro Vineyard','Trempealeau','United States'),(265,'Alexis Bailly Vineyard','Minnesota','United States');
UNLOCK TABLES;

--
-- Table structure for table `pairing`
--

DROP TABLE IF EXISTS `pairing`;
 SET character_set_client = utf8mb4 ;
CREATE TABLE `pairing` (
  `wine_id` int(11) NOT NULL,
  `food_pairing1` varchar(45) DEFAULT NULL,
  `food_pairing2` varchar(45) DEFAULT NULL,
  `food_pairing3` varchar(45) DEFAULT NULL,
  PRIMARY KEY (`wine_id`)
) ENGINE=InnoDB DEFAULT CHARSET=utf8 COLLATE=utf8_general_ci;

--
-- Dumping data for table `pairing`
--

LOCK TABLES `pairing` WRITE;
INSERT INTO `pairing` VALUES (1,'Chicken','Turkey',''),(2,'Chicken','Turkey',''),(3,'Chicken','Turkey',''),(4,'Chicken','Turkey',''),(5,'Chicken','Turkey',''),(6,'Chicken','Turkey',''),(7,'Chicken','Turkey',''),(8,'Chicken','Turkey',''),(9,'Fish','',''),(10,'Chicken','Turkey',''),(11,'Chicken','Turkey',''),(12,'Chicken','Turkey',''),(13,'Chicken','Turkey',''),(14,'Chicken','Turkey',''),(15,'Chicken','Turkey',''),(16,'Chicken','Turkey',''),(17,'Chicken','Turkey',''),(18,'Fish','',''),(19,'Chicken','Turkey',''),(20,'Chicken','Turkey',''),(21,'Chicken','Turkey',''),(22,'Chicken','Turkey',''),(23,'Beef','Venison',''),(24,'Beef','Venison',''),(25,'Beef','Venison',''),(26,'Beef','Venison',''),(27,'Beef','Venison',''),(28,'Duck','Goose','Game Birds'),(29,'Beef','Venison',''),(30,'Duck','Goose','Game Birds'),(31,'Beef','Venison',''),(32,'Beef','Venison',''),(33,'Beef','Venison',''),(34,'Beef','Venison',''),(35,'Beef','Venison',''),(36,'Beef','Venison',''),(37,'Beef','Venison',''),(38,'Beef','Venison',''),(39,'Beef','Venison',''),(40,'Beef','Venison',''),(41,'Beef','Venison',''),(42,'Beef','Venison',''),(43,'Duck','Goose','Game Birds'),(44,'Beef','Venison',''),(45,'Beef','Venison',''),(46,'Beef','Venison',''),(47,'Beef','Venison',''),(48,'Beef','Venison',''),(49,'Beef','Venison',''),(50,'Beef','Venison',''),(51,'Beef','Venison',''),(52,'Beef','Venison',''),(53,'Beef','Venison',''),(54,'Beef','Venison',''),(55,'Beef','Venison',''),(56,'Beef','Venison',''),(57,'Beef','Venison',''),(58,'Beef','Venison',''),(59,'Lamb','',''),(60,'Beef','Venison',''),(61,'Lamb','',''),(62,'Lamb','',''),(63,'Beef','Venison',''),(64,'Lamb','',''),(65,'Lamb','',''),(66,'Beef','Venison',''),(67,'Beef','Venison',''),(68,'Beef','Venison',''),(69,'Beef','Venison',''),(70,'Lamb','',''),(71,'Beef','Venison',''),(72,'Duck','Goose','Game Birds'),(73,'Cheddar','Gruyere',''),(74,'Cheddar','Gruyere',''),(75,'Cheddar','Gruyere',''),(76,'Duck','Goose','Game Birds'),(77,'Pork','',''),(78,'Cheddar','Gruyere',''),(79,'Duck','Goose','Game Birds'),(80,'Duck','Goose','Game Birds'),(81,'Cheddar','Gruyere',''),(82,'Duck','Goose','Game Birds'),(83,'Cheddar','Gruyere',''),(84,'Fish','',''),(85,'Fish','',''),(86,'Fish','',''),(87,'Shellfish','Crab','Lobster'),(88,'Fish','',''),(89,'Fish','',''),(90,'Goats Cheese','Feta',''),(91,'Shellfish','Crab','Lobster'),(92,'Shellfish','Crab','Lobster'),(93,'Fish','',''),(94,'Fish','',''),(95,'Shellfish','Crab','Lobster'),(96,'Mushrooms','',''),(97,'Mushrooms','',''),(98,'Shellfish','Crab','Lobster'),(99,'Root Vegetables','Squash',''),(100,'Chicken','Turkey',''),(101,'Chicken','Turkey',''),(102,'Chicken','Turkey',''),(103,'Root Vegetables','Squash',''),(104,'Root Vegetables','Squash',''),(105,'Root Vegetables','Squash',''),(106,'Chicken','Turkey',''),(107,'Chicken','Turkey',''),(108,'Chicken','Turkey',''),(109,'Root Vegetables','Squash',''),(110,'Chicken','Turkey',''),(111,'Chicken','Turkey',''),(112,'Chicken','Turkey',''),(113,'Chicken','Turkey',''),(114,'Chicken','Turkey',''),(115,'Chicken','Turkey',''),(116,'Chicken','Turkey',''),(117,'Chicken','Turkey',''),(118,'Chicken','Turkey',''),(119,'Chicken','Turkey',''),(120,'Chicken','Turkey',''),(121,'Chicken','Turkey',''),(122,'Chicken','Turkey',''),(123,'Chicken','Turkey',''),(124,'Chicken','Turkey',''),(125,'Chicken','Turkey',''),(126,'Chicken','Turkey',''),(127,'Chicken','Turkey',''),(128,'Chicken','Turkey',''),(129,'Blue Cheeses','',''),(130,'Blue Cheeses','',''),(131,'Blue Cheeses','',''),(132,'Fruit-based Desserts','',''),(133,'Fruit-based Desserts','',''),(134,'Blue Cheeses','',''),(135,'Fruit-based Desserts','',''),(136,'Fruit-based Desserts','',''),(137,'Fruit-based Desserts','',''),(138,'Fruit-based Desserts','',''),(139,'Fruit-based Desserts','',''),(140,'Blue Cheeses','',''),(141,'Fruit-based Desserts','',''),(142,'Blue Cheeses','',''),(143,'Fruit-based Desserts','',''),(144,'Cakes','Cream',''),(145,'Fruit-based Desserts','',''),(146,'Fruit-based Desserts','',''),(147,'Cakes','Cream',''),(148,'Fruit-based Desserts','',''),(149,'Cakes','Cream',''),(150,'Cakes','Cream',''),(151,'Fruit-based Desserts','',''),(152,'Cakes','Cream',''),(153,'Fruit-based Desserts','',''),(154,'Fruit-based Desserts','',''),(155,'Fruit-based Desserts','',''),(156,'Fruit-based Desserts','',''),(157,'Fruit-based Desserts','',''),(158,'Cakes','Cream',''),(159,'Chocolate','Caramel',''),(160,'Chocolate','Caramel',''),(161,'Chocolate','Caramel',''),(162,'Chocolate','Caramel',''),(163,'Chocolate','Caramel',''),(164,'Chocolate','Caramel',''),(165,'Chocolate','Caramel',''),(166,'Chocolate','Caramel',''),(167,'Chocolate','Caramel',''),(168,'Chocolate','Caramel',''),(169,'Chocolate','Caramel',''),(170,'Chocolate','Caramel',''),(171,'Chocolate','Caramel',''),(172,'Chocolate','Caramel',''),(173,'Chocolate','Caramel',''),(174,'Cheddar','Gruyere',''),(175,'Cheddar','Gruyere',''),(176,'Cheddar','Gruyere',''),(177,'Cheddar','Gruyere',''),(178,'Cakes','Cream',''),(179,'Cheddar','Gruyere',''),(180,'Cheddar','Gruyere',''),(181,'Cheddar','Gruyere',''),(182,'Cheddar','Gruyere',''),(183,'Cheddar','Gruyere',''),(184,'Cakes','Cream',''),(185,'Cheddar','Gruyere',''),(186,'Goats Cheese','Feta',''),(187,'Salads','Green Vegetables',''),(188,'Salads','Green Vegetables',''),(189,'Salads','Green Vegetables',''),(190,'Salads','Green Vegetables',''),(191,'Salads','Green Vegetables',''),(192,'Salads','Green Vegetables',''),(193,'Salads','Green Vegetables',''),(194,'Salads','Green Vegetables',''),(195,'Salads','Green Vegetables',''),(196,'Salads','Green Vegetables',''),(197,'Tomato-based Dishes','',''),(198,'Manchego','Parmesan',''),(199,'Tomato-based Dishes','',''),(200,'Tomato-based Dishes','',''),(201,'Chicken','Turkey',''),(202,'Chicken','Turkey',''),(203,'Tomato-based Dishes','',''),(204,'Chicken','Turkey',''),(205,'Chicken','Turkey',''),(206,'Root Vegetables','Squash',''),(207,'Manchego','Parmesan',''),(208,'Chicken','Turkey',''),(209,'Chicken','Turkey',''),(210,'Chicken','Turkey',''),(211,'Tomato-based Dishes','',''),(212,'Pork','',''),(213,'Pork','',''),(214,'Pork','',''),(215,'Fish','',''),(216,'Shellfish','Crab','Lobster'),(217,'Pork','',''),(218,'Chicken','Turkey',''),(219,'Chicken','Turkey',''),(220,'Manchego','Parmesan',''),(221,'Shellfish','Crab','Lobster'),(222,'Shellfish','Crab','Lobster'),(223,'Shellfish','Crab','Lobster'),(224,'Shellfish','Crab','Lobster'),(225,'Shellfish','Crab','Lobster'),(226,'Shellfish','Crab','Lobster'),(227,'Shellfish','Crab','Lobster'),(228,'Shellfish','Crab','Lobster'),(229,'Shellfish','Crab','Lobster'),(230,'Shellfish','Crab','Lobster'),(231,'Shellfish','Crab','Lobster'),(232,'Shellfish','Crab','Lobster'),(233,'Shellfish','Crab','Lobster'),(234,'Shellfish','Crab','Lobster'),(235,'Shellfish','Crab','Lobster'),(236,'Fish','',''),(237,'Fish','',''),(238,'Fish','',''),(239,'Fish','',''),(240,'Fish','',''),(241,'Fish','',''),(242,'Fish','',''),(243,'Fish','',''),(244,'Fish','',''),(245,'Fish','',''),(246,'Fish','',''),(247,'Fish','',''),(248,'Fish','',''),(249,'Fish','',''),(250,'Cakes','Cream',''),(251,'Cakes','Cream',''),(252,'Cakes','Cream',''),(253,'Cakes','Cream',''),(254,'Cakes','Cream',''),(255,'Cakes','Cream',''),(256,'Cakes','Cream',''),(257,'Fruit-based Desserts','',''),(258,'Duck','Goose','Game Birds'),(259,'Cakes','Cream',''),(260,'Cakes','Cream',''),(261,'Chicken','Turkey',''),(262,'Chicken','Turkey',''),(263,'Chicken','Turkey',''),(264,'Chicken','Turkey',''),(265,'Fruit-based Desserts','','');
UNLOCK TABLES;

--
-- Table structure for table `payment`
--

DROP TABLE IF EXISTS `payment`;
 SET character_set_client = utf8mb4 ;
CREATE TABLE `payment` (
  `customer_id` int(11) NOT NULL,
  `cardType` varchar(15) NOT NULL,
  `card_number` varchar(16) NOT NULL,
  `cvv` int(11) NOT NULL,
  PRIMARY KEY (`customer_id`)
) ENGINE=InnoDB DEFAULT CHARSET=utf8 COLLATE=utf8_general_ci;

--
-- Dumping data for table `payment`
--

LOCK TABLES `payment` WRITE;
UNLOCK TABLES;

--
-- Table structure for table `saved`
--

DROP TABLE IF EXISTS `saved`;
 SET character_set_client = utf8mb4 ;
CREATE TABLE `saved` (
  `customer_id` int(11) NOT NULL,
  `wine_id` int(11) NOT NULL,
  PRIMARY KEY (`customer_id`,`wine_id`)
) ENGINE=InnoDB DEFAULT CHARSET=utf8 COLLATE=utf8_general_ci;

--
-- Dumping data for table `saved`
--

LOCK TABLES `saved` WRITE;
UNLOCK TABLES;

--
-- Table structure for table `wine`
--

DROP TABLE IF EXISTS `wine`;
 SET character_set_client = utf8mb4 ;
CREATE TABLE `wine` (
  `wine_id` int(11) NOT NULL,
  `wine_name` varchar(60) NOT NULL,
  `price` int(11) NOT NULL,
  `wine_type` varchar(10) NOT NULL,
  `style` varchar(45) NOT NULL,
  `vintage` int(4) NOT NULL,
  `variety` varchar(25) NOT NULL,
  `rating` varchar(3) NOT NULL,
  PRIMARY KEY (`wine_id`)
) ENGINE=InnoDB DEFAULT CHARSET=utf8 COLLATE=utf8_general_ci;

--
-- Dumping data for table `wine`
--

LOCK TABLES `wine` WRITE;
INSERT INTO `wine` VALUES (1,'Domaine Leroy Bourgogne Rouge',64,'Red','Dry',1999,'Pinot Noir','3.5'),(2,'Domaine Marcel Lapierre Morgon',28,'Red','Dry',2000,'Gamay','4'),(3,'Domaine Jean Foillard Morgon Cote du Py',37,'Red','Dry',2008,'Gamay','4'),(4,'Colene Clemens Vineyards Dopp Creek',28,'Red','Dry',2015,'Pinot Noir','4'),(5,'Sea Smoke Southing Pinot Noir',97,'Red','Dry',2001,'Pinot Noir','4'),(6,'Louis Jadot Bourgogne Pinot Noir',18,'Red','Dry',2002,'Pinot Noir','3.5'),(7,'Sea Smoke Ten Pinot Noir',122,'Red','Semi-Sweet',2007,'Pinot Noir','4'),(8,'Meiomi Pinot Noir',20,'Red','Semi-Sweet',1998,'Pinot Noir','4'),(9,'Ata Rangi Pinot Noir',58,'Red','Semi-Sweet',2009,'Pinot Noir',''),(10,'Weingut Daniel & Marta Gantenbein Pinot Noir',147,'Red','Dry',2004,'Pinot Noir','4.5'),(11,'Belle Glos Las Alturas Vineyard Pinot Noir',50,'Red','Semi-Sweet',2008,'Pinot Noir','4'),(12,'Domaine Serene Evenstad Reserve Pinot Noir',75,'Red','Semi-Sweet',2002,'Pinot Noir','4'),(13,'Overnoy Arbois-Pupillin Poulsard',417,'Red','Semi-Sweet',2010,'Poulsard','4'),(14,'Domaine de la Cote Blooms Field Pinot Noir',72,'Red','Dry',2011,'Pinot Noir','4'),(15,'Georges Duboeuf Beaujolais Nouveau',10,'Red','Semi-Sweet',2011,'Gamay','3'),(16,'Belle Glos Clark & Telephone Vineyard Pinot Noir',51,'Red','Dry',2013,'Pinot Noir','4'),(17,'Scott Paul La Paulee Pinot Noir',28,'Red','Dry',2002,'Pinot Noir','4'),(18,'Cloudy Bay Pinot Noir',38,'Red','Dry',2016,'Pinot Noir','3.5'),(19,'Foradori Granato Vigneti delle Dolomiti IGT',51,'Red','Dry',2015,'Teroldego','4'),(20,'Evening Land Seven Springs Vineyard Pinot Noir',42,'Red','Dry',2006,'Pinot Noir','4'),(21,'Calera Jensen Vineyard Pinot Noir',100,'Red','Semi-Sweet',2002,'Pinot Noir','4'),(22,'Beaux Freres Willamette Valley Pinot Noir',69,'Red','Semi-Sweet',2011,'Pinot Noir','4'),(23,'Chateau Mouton Rothschild',4849,'Red','Dry',1901,'Bordeaux Blend','4.5'),(24,'Chateau Lafite Rothschild',946,'Red','Semi-Sweet',2011,'Bordeaux Blend','4.5'),(25,'Petrus Merlot',3159,'Red','Semi-Sweet',1949,'Merlot','4.5'),(26,'Chateau Margaux',726,'Red','Dry',2017,'Bordeaux Blend','4.5'),(28,'Domaine de la Romanee-Conti Grand Cru',19652,'Red','Semi-Sweet',1926,'Pinot Noir','5'),(29,'Chateau Haut-Brion',621,'Red','Semi-Sweet',1960,'Bordeaux Blend','4.5'),(30,'Domaine de la Romanee-Conti La Tache Grand Cru Monopole',4673,'Red','Dry',1995,'Pinot Noir','4.5'),(31,'Chateau Cheval Blanc',701,'Red','Semi-Sweet',2011,'Bordeaux Blend','4.5'),(32,'Chateau Lynch-Bages',162,'Red','Semi-Sweet',2001,'Bordeaux Blend','4'),(33,'Chateau Pontet-Canet',130,'Red','Dry',2004,'Bordeaux Blend','4'),(34,'Chateau Cos dEstournel',200,'Red','Dry',1999,'Bordeaux Blend','4'),(35,'Chateau Leoville-Las Cases Grand Vin de Leoville',240,'Red','Dry',2007,'Bordeaux Blend','4'),(36,'Chateau Montrose',169,'Red','Semi-Sweet',2005,'Bordeaux Blend','4'),(37,'Chateau Pichon Longueville Comtesse de Lalande',179,'Red','Semi-Sweet',2000,'Bordeaux Blend','4'),(38,'Chateau Palmer',312,'Red','Dry',2005,'Bordeaux Blend','4'),(39,'Chateau Pichon-Longueville au Baron de Pichon-Longueville',164,'Red','Dry',1970,'Bordeaux Blend','4'),(40,'Chateau Angelus',389,'Red','Semi-Sweet',1998,'Cabernet','4'),(42,'Chateau Leoville Barton',103,'Red','Dry',1976,'Bordeaux Blend','4'),(43,'Domaine Armand Rousseau Pere et Fils Chambertin Grand Cru',425,'Red','Semi-Sweet',2012,'Pinot Noir','4.5'),(44,'Chateau La Mission Haut-Brion',444,'Red','Dry',2016,'Bordeaux Blend','4'),(45,'Chateau Leoville Poyferre',118,'Red','Dry',1998,'Bordeaux Blend','4'),(46,'Chateau Pavie',345,'Red','Semi-Sweet',1966,'Bordeaux Blend','4'),(47,'Chateau Talbot',118,'Red','Semi-Sweet',1974,'Bordeaux Blend','3.5'),(48,'Opus One',390,'Red','Dry',1993,'Bordeaux Blend','4.5'),(50,'Marchesi Antinori Tignanello Toscana IGT',114,'Red','Semi-Sweet',2002,'Cabernet','4.5'),(51,'Masseto Toscana IGT',738,'Red','Semi-Sweet',2017,'Merlot','4.5'),(52,'Marchesi Antinori Solaia Toscana IGT',250,'Red','Semi-Sweet',2002,'Cabernet','4.5'),(53,'Ornellaia Bolgheri Superiore',202,'Red','Semi-Sweet',2003,'Bordeaux Blend','4.5'),(54,'Dominus Estate Christian Moueix',252,'Red','Dry',2011,'Bordeaux Blend','4.5'),(55,'Screaming Eagle Cabernet Sauvignon',3625,'Red','Semi-Sweet',2014,'Cabernet','4.5'),(56,'Joseph Phelps Vineyards Insignia',228,'Red','Semi-Sweet',1998,'Bordeaux Blend','4.5'),(57,'Caymus Vineyards Cabernet Sauvignon',125,'Red','Dry',2005,'Cabernet','4.5'),(58,'Penfolds Grange Bin 95',579,'Red','Dry',2009,'Shiraz','4.5'),(59,'Chateau de Beaucastel Chateauneuf-du-Pape',84,'Red','Semi-Sweet',2009,'Southern Rhone Blend','4'),(60,'Vega Sicilia Unico Gran Reserva',439,'Red','Dry',2010,'Cabernet','4.5'),(61,'Chateau Rayas Chateauneuf-du-Pape Reserve',594,'Red','Semi-Sweet',1983,'Grenache','4.5'),(62,'Clos des Papes Chateauneuf-du-Pape',100,'Red','Dry',2003,'Southern Rhone Blend','4'),(63,'Penfolds Bin 389 Cabernet - Shiraz',66,'Red','Semi-Sweet',2014,'Cabernet','4'),(64,'Domaine du Pegau Chateauneuf-du-Pape Cuvee Reservee',77,'Red','Semi-Sweet',1998,'Southern Rhone Blend','4'),(65,'Domaine du Vieux Telegraphe Chateauneuf-du-Pape La Crau',75,'Red','Dry',2006,'Southern Rhone Blend','4'),(66,'Vega Sicilia Tinto Valbuena 5',135,'Red','Dry',2003,'Merlot','4'),(67,'Penfolds Bin 707 Cabernet Sauvignon',406,'Red','Semi-Sweet',2009,'Cabernet','4'),(69,'Bertani Amarone della Valpolicella Classico DOCG',113,'Red','Dry',1998,'Valpolicella Blend','4'),(70,'Dominio de Pingus',893,'Red','Dry',2008,'Tempranillo','4.5'),(71,'Penfolds Bin 407 Cabernet Sauvignon',67,'Red','Semi-Sweet',2011,'Cabernet','3.5'),(72,'Emmanuel Houillon - Pierre Overnoy Arbois-Pupillin Blanc',392,'White','Dry',2006,'Chardonnay','4'),(74,'Bartenura Moscato',13,'White','Semi-Sweet',2003,'Muscat','4'),(76,'F E Trimbach Gewurztraminer',22,'White','Dry',2017,'Gewurztraminer','3.5'),(77,'Henkell Trocken Dry Sec Trocken',10,'White','Dry',1998,'Rare White Blend','3.5'),(80,'Domaine Marcel Deiss Altenberg de Bergheim',77,'White','Dry',2006,'Rare White Blend','4'),(82,'Hugel & Fils Hugel Gewurztraminer',22,'White','Semi-Sweet',1998,'Gewurztraminer','3.5'),(84,'Didier Dagueneau Pouilly-Fume Silex',134,'White','Semi-Sweet',2012,'Sauvignon Blanc','4'),(85,'F E Trimbach Riesling Clos Sainte Hune',183,'White','Semi-Sweet',2007,'Riesling','4'),(87,'Domaine Francois Raveneau Montee de Tonnerre',271,'White','Semi-Sweet',2011,'Chardonnay','4'),(89,'Domaine de Chevalier Blanc',98,'White','Semi-Sweet',2007,'Bordeaux Blend White','4'),(90,'Cloudy Bay Sauvignon Blanc',28,'White','Dry',2017,'Sauvignon Blanc','4'),(91,'Rene et Vincent Dauvissat-Camus Les Clos',238,'White','Semi-Sweet',2007,'Chardonnay','4'),(92,'Domaine Francois Raveneau Les Clos',758,'White','Dry',1999,'Chardonnay','4.5'),(93,'Chateau Smith Haut Lafitte Blanc',103,'White','Semi-Sweet',2005,'Bordeaux Blend','4'),(94,'Pavillon Blanc du Chateau Margaux',246,'White','Semi-Sweet',2006,'Sauvignon Blanc','4'),(95,'Rene et Vincent Dauvissat-Camus La Forest',98,'White','Semi-Sweet',2010,'Chardonnay','3.5'),(97,'Azienda Agricola Valentini Trebbiano dAbruzzo',122,'White','Dry',2016,'Trebbiano (Ugni Blanc)','4'),(98,'Domaine Francois Raveneau Valmur',430,'White','Semi-Sweet',2015,'Chardonnay','4'),(99,'Weingut Keller G-Max Riesling Trocken',2510,'White','Dry',2009,'Riesling','4.5'),(100,'Domaine Jean-Louis Chave Hermitage Blanc',233,'White','Dry',2001,'Marsanne','4'),(101,'E. Guigal Condrieu La Doriane',94,'White','Semi-Sweet',1994,'Viognier','4'),(103,'Weingut Keller Dalsheimer Hubacker Riesling Grosses Gewachs',181,'White','Semi-Sweet',2009,'Riesling','4'),(106,'M. Chapoutier Ermitage de lOree Blanc',221,'White','Semi-Sweet',1991,'Marsanne','4'),(107,'Kumeu River Mates Vineyard Chardonnay',47,'White','Semi-Sweet',2015,'Chardonnay','4'),(108,'Chateau-Grillet',231,'White','Semi-Sweet',2005,'Viognier','4'),(109,'Weingut Wittmann Morstein Riesling Grosses Gewachs',76,'White','Semi-Sweet',2002,'Riesling','4'),(111,'Kumeu River Hunting Hill Chardonnay',41,'White','Semi-Sweet',2004,'Chardonnay','4'),(112,'Kumeu River Estate Chardonnay',28,'White','Dry',1999,'Chardonnay','4'),(113,'M. Chapoutier Ermitage Le Meal Blanc',206,'White','Semi-Sweet',2008,'Marsanne','4'),(114,'Domaine de la Romanee-Conti Montrachet Grand Cru',7574,'White','Semi-Sweet',2001,'Chardonnay','4.5'),(115,'Coche-Dury Meursault',596,'White','Dry',2004,'Chardonnay','4'),(116,'Domaine Leflaive Chevalier-Montrachet Grand Cru',768,'White','Dry',1998,'Chardonnay','4.5'),(117,'Domaine Bonneau du Martray Corton-Charlemagne Grand Cru',191,'White','Dry',2010,'Chardonnay','4'),(118,'Coche-Dury Corton-Charlemagne Grand Cru',5066,'White','Semi-Sweet',1999,'Chardonnay','4.5'),(119,'Domaine Leflaive Batard-Montrachet Grand Cru',582,'White','Dry',2009,'Chardonnay','4.5'),(120,'Domaine Leflaive Les Pucelles',293,'White','Dry',2009,'Chardonnay','4'),(121,'Coche-Dury Meursault Perrieres',2472,'White','Dry',1997,'Chardonnay','4.5'),(122,'Domaine Ramonet Montrachet Grand Cru',2237,'White','Semi-Sweet',2004,'Chardonnay','4.5'),(123,'Domaine Leflaive Clavoillon',179,'White','Semi-Sweet',2015,'Chardonnay','4'),(124,'Louis Latour Corton-Charlemagne Grand Cru',139,'White','Semi-Sweet',1999,'Chardonnay','4'),(125,'Joseph Drouhin Marquis de Laguiche Montrachet Grand Cru',646,'White','Semi-Sweet',1998,'Chardonnay','4.5'),(126,'Domaine Leflaive Puligny-Montrachet',127,'White','Dry',2015,'Chardonnay','3.5'),(127,'Domaine des Comtes Lafon Montrachet Grand Cru',1803,'White','Dry',1999,'Chardonnay','4.5'),(128,'Domaine Leflaive Montrachet Grand Cru',9566,'White','Dry',1998,'Chardonnay','4.5'),(132,'Chateau Coutet',56,'Dessert','Sweet',2001,'Semillon','4'),(133,'Chateau Climens',101,'Dessert','Sweet',1998,'Semillon','4'),(136,'Egon Muller Scharzhofberger Riesling Auslese',430,'Dessert','Sweet',2015,'Riesling','4'),(137,'Joh. Jos. Prum Wehlener Sonnenuhr Riesling Auslese',67,'Dessert','Sweet',2006,'Riesling','4'),(138,'Egon Muller Scharzhofberger Riesling Trockenbeerenauslese',134,'Dessert','Sweet',2016,'Riesling','5'),(141,'Royal Tokaji Aszu 5 Puttonyos',68,'Dessert','Sweet',2013,'Tokaji Blend','4'),(142,'Chateau La Tour Blanche',62,'Dessert','Sweet',2003,'Semillon','3.5'),(143,'Egon Muller Scharzhofberger Riesling Kabinett',93,'Dessert','Sweet',1998,'Riesling','4'),(144,'Bodegas Toro Albala Don PX Convento Seleccion',267,'Dessert','Sweet',1946,'Pedro Ximenez','5'),(145,'Royal Tokaji Essencia',51,'Dessert','Sweet',2010,'Tokaji Blend','4.5'),(146,'Chateau Pajzos Tokaji Esszencia',493,'Dessert','Sweet',1993,'Tokaji Blend','5'),(147,'Bodegas Toro Albala Don PX Gran Reserva',54,'Dessert','Sweet',2003,'Pedro Ximenez','4'),(148,'Keo St.John Commandaria',28,'Dessert','Sweet',2002,'Mavro','4'),(149,'Alvear Pedro Ximenez de Anada',43,'Dessert','Sweet',1999,'Pedro Ximenez','4'),(150,'Avignonesi Occhio di Pernice Vin Santo di Montepulciano',445,'Dessert','Sweet',2000,'Sangiovese','4.5'),(151,'Barbeito Malvasia',681,'Dessert','Sweet',2017,'Malvasia','4.5'),(152,'Avignonesi Vin Santo di Montepulciano',333,'Dessert','Sweet',2014,'Rare White Blend','4'),(153,'DOliveiras Malvasia Reserva Vintage Madeira',376,'Dessert','Sweet',1907,'Malvasia','4'),(154,'Blandys Vintage Malmsey',253,'Dessert','Sweet',1988,'Malvasia','4'),(155,'Vega Sicilia Oremus Eszencia',579,'Dessert','Sweet',2010,'Tokaji Blend','4.5'),(156,'Royal Tokaji Aszu Essencia',432,'Dessert','Sweet',2011,'Tokaji Blend','4.5'),(157,'Bodegas Toro Albala Don PX',33,'Dessert','Sweet',2008,'Pedro Ximenez','3.5'),(158,'Marchesi Antinori Vin Santo del Chianti Classico',46,'Dessert','Sweet',2008,'Trebbiano (Ugni Blanc)','3'),(159,'Taylor Fladgate Vintage Port',121,'Dessert','Sweet',2011,'Port Blend Red','4.5'),(160,'Dows Vintage Port',109,'Dessert','Sweet',2006,'Port Blend Red','4'),(161,'W & J Grahams Vintage Port',109,'Dessert','Sweet',2012,'Port Blend Red','4.5'),(162,'Fonseca Vintage Port',110,'Dessert','Sweet',2014,'Port Blend Red','4.5'),(163,'Dal Forno Romano Vigneto Monte Lodoletta',354,'Dessert','Sweet',2013,'Valpolicella Blend','4.5'),(164,'Warres Vintage Port',97,'Dessert','Sweet',2003,'Port Blend Red','4'),(165,'Quinta do Noval Vintage Port',102,'Dessert','Sweet',2017,'Port Blend Red','4'),(166,'Quinta do Noval Nacional Vintage Port',101,'Dessert','Sweet',2001,'Port Blend Red','4.5'),(167,'Niepoort Vintage Port',88,'Dessert','Sweet',1998,'Port Blend Red','4'),(168,'Kopke Colheita Port',113,'Dessert','Sweet',2010,'Port Blend Red','4'),(169,'Cockburns Vintage Port',81,'Dessert','Sweet',2011,'Port Blend Red','4'),(170,'Sandeman Vintage Port',147,'Dessert','Sweet',2007,'Port Blend Red','3.5'),(171,'Croft Vintage Port',83,'Dessert','Sweet',2010,'Port Blend Red','4'),(172,'Quinta do Vesuvio Single Quinta Vintage Port',79,'Dessert','Sweet',2012,'Port Blend Red','4'),(173,'Taylor Fladgate Quinta de Vargellas Vintage Port',62,'Dessert','Sweet',2011,'Port Blend Red','4'),(174,'Domaine Jean Macle Chateau-Chalon',162,'Dessert','Sweet',2016,'Savagnin','4.5'),(175,'Jacques Puffeney Arbois Vin Jaune',98,'Dessert','Sweet',2008,'Savagnin','98'),(176,'Domaine Berthet-Bondet Chateau-Chalon Vin Jaune',63,'Dessert','Sweet',2004,'Savagnin','3.5'),(177,'Henri Maire Arbois Vin Jaune',122,'Dessert','Sweet',2004,'Savagnin','2.5'),(178,'DOliveiras Sercial Vintage Madeira',278,'Dessert','Sweet',2006,'Sercial','4'),(179,'Domaine Jean Francois Ganevat Cotes du Jura Vin Jaune',144,'Dessert','Sweet',2006,'Savagnin','4'),(180,'Fino Muy Seco Tio Pepe',16,'Dessert','Sweet',2014,'Palomino','3.5'),(181,'Caves Jean Bourdy Chateau-Chalon',380,'Dessert','Sweet',2010,'Savagnin','3.5'),(182,'Domaine de Montbourgeau LEtoile Vin Jaune',76,'Dessert','Sweet',2014,'Savagnin','3.5'),(183,'Chateau dArlay Cotes du Jura Vin Jaune',73,'Dessert','Sweet',2016,'Savagnin','3'),(184,'Blandys Vintage Sercial',259,'Dessert','Sweet',1998,'Sercial','4'),(185,'Benedicte & Stephane Tissot Chateau-Chalon',85,'Dessert','Sweet',1998,'Savagnin','4.5'),(186,'Malamatina Retsina',7,'Dessert','Sweet',2013,'Rare White Blend','3.5'),(187,'Chateau dEsclans Cotes de Provence Whispering Angel Rose',21,'Rose','Semi-Sweet',2015,'Southern Rhone Blend','4'),(188,'Chateau Miraval Cotes de Provence Rose',22,'Rose','Dry',1998,'Grenache','4'),(189,'Chateau Minuty Cotes de Provence M de Minuty Rose',17,'Rose','Semi-Sweet',2003,'Southern Rhone Blend','3.5'),(191,'Domaine Tempier Bandol Rose',38,'Rose','Dry',2004,'Southern Rhone Blend','3.5'),(192,'Chateau dEsclans Cotes de Provence Garrus Rose',105,'Rose','Dry',2015,'Grenache','4'),(195,'Chateau La Rose Chatain',20,'Rose','Semi-Sweet',2016,'Bordeaux Blend','2.5'),(197,'Elio Perrone Bigaro Rose',18,'Rose','Semi-Sweet',2008,'Rare Rose Blend','2.5'),(198,'Frank Cornelissen Susucaru Rosato Terre Siciliane IGT',26,'Rose','Dry',2012,'Nerello Mascalese','4.5'),(199,'Mateus The Original Rose',7,'Rose','Dry',2015,'Baga','3.5'),(200,'R. Lopez de Heredia Vina Tondonia Gran Reserva Rosado',35,'Rose','Semi-Sweet',2007,'Rioja Red Blend','3.5'),(202,'Wolffer Estate Rose',18,'Rose','Semi-Sweet',2010,'Rare Rose Blend','3.5'),(204,'Beringer Vineyards White Zinfandel',5,'Rose','Dry',2010,'Zinfandel','3.5'),(205,'Wolffer Estate Summer in a Bottle Rose',28,'Rose','Dry',1998,'Merlot','4.5'),(206,'Rockford Alicante Bouchet Rose',22,'Rose','Semi-Sweet',2003,'Alicante Bouschet','3.5'),(207,'La Spinetta Il Rose di Casanova Toscana IGT',17,'Rose','Dry',2001,'Sangiovese','3.5'),(208,'Chateau Puech-Haut Saint-Drezery Prestige Rose',17,'Rose','Semi-Sweet',2005,'Grenache','3'),(209,'Gallo Family Vineyards White Zinfandel',4,'Rose','Semi-Sweet',2007,'Zinfandel','2.5'),(210,'Francis Ford Coppola Sofia Rose',14,'Rose','Semi-Sweet',2003,'Rare Rose Blend','3.5'),(211,'Domaine lAnglore Tavel Rose',37,'Rose','Dry',2015,'Grenache','3.5'),(212,'Saint-Hilaire Blanquette de Limoux Brut',13,'Sparkling','Semi-Sweet',2000,'Mauzac','3.5'),(213,'Petalo Manzoni Moscato Rose',25,'Sparkling','Dry',2000,'Glera','4.5'),(214,'La Marca Prosecco',14,'Sparkling','Semi-Sweet',2017,'Glera','4'),(215,'Innocent Bystander Moscato Sparkling',13,'Sparkling','Semi-Sweet',2013,'Muscat','3.5'),(217,'Canella Prosecco Superiore di Conegliano Valdobbiadene DOCG',16,'Sparkling','Semi-Sweet',2016,'Glera','3.5'),(218,'Brut Dargent Blanc de Blancs Chardonnay',10,'Sparkling','Dry',2012,'Chardonnay','2.5'),(219,'Veuve du Vernay Brut',10,'Sparkling','Dry',2002,'Rare White Blend','3.5'),(220,'Freixenet Cordon Negro Brut',10,'Sparkling','Dry',2013,'Cava Blend','3.5'),(221,'Dom Perignon Brut',191,'Sparkling','Semi-Sweet',2003,'Champagne Blend','4.5'),(222,'Louis Roederer Cristal Brut Millesime',248,'Sparkling','Dry',2017,'Chardonnay','4.5'),(223,'Krug Brut',241,'Sparkling','Dry',2005,'Champagne Blend','4.5'),(224,'Salon Cuvee S Le Mesnil Blanc de Blancs',567,'Sparkling','Semi-Sweet',2015,'Chardonnay','4.5'),(225,'Moet & Chandon Brut',51,'Sparkling','Dry',2000,'Champagne Blend','3.5'),(226,'Pol Roger Cuvee Sir Winston Churchill Brut',227,'Sparkling','Semi-Sweet',2012,'Champagne Blend','4.5'),(227,'Taittinger Comtes de Champagne Blanc de Blancs Brut',152,'Sparkling','Dry',2006,'Chardonnay','4.5'),(228,'Veuve Clicquot Ponsardin Brut',58,'Sparkling','Semi-Sweet',2010,'Champagne Blend','4'),(230,'Krug Clos du Mesnil Blanc de Blancs Brut',172,'Sparkling','Semi-Sweet',2004,'Chardonnay','4.5'),(231,'Bollinger La Grande Annee Brut',118,'Sparkling','Dry',2014,'Chardonnay','4'),(232,'Pol Roger Brut',55,'Sparkling','Dry',2009,'Champagne Blend','4'),(233,'Bollinger R.D. Extra Brut',254,'Sparkling','Semi-Sweet',1998,'Chardonnay','4.5'),(234,'Dom Perignon P2 Plenitude Brut',369,'Sparkling','Semi-Sweet',2017,'Champagne Blend','4.5'),(235,'Veuve Clicquot Ponsardin La Grande Dame Brut',156,'Sparkling','Dry',2003,'Champagne Blend','4'),(236,'Dom Perignon Rose',342,'Sparkling','Dry',1998,'Champagne Blend','4.5'),(237,'Louis Roederer Cristal Rose Brut Millesime',531,'Sparkling','Dry',2004,'Chardonnay','4.5'),(238,'Moet & Chandon Brut Rose',59,'Sparkling','Dry',2003,'Champagne Blend','3.5'),(239,'Veuve Clicquot Ponsardin Brut Rose',67,'Sparkling','Semi-Sweet',1998,'Champagne Blend','4'),(241,'Champagne Billecart-Salmon de Brut Rose',81,'Sparkling','Dry',1998,'Champagne Blend','4'),(242,'Bollinger La Grande Annee Rose',144,'Sparkling','Semi-Sweet',2008,'Champagne Blend','4.5'),(243,'Taittinger Comtes de Champagne Brut Rose',200,'Sparkling','Dry',2008,'Chardonnay','4'),(244,'Krug Rose Brut',296,'Sparkling','Semi-Sweet',1998,'Champagne Blend','4.5'),(245,'Laurent-Perrier Cuvee Rose Brut',72,'Sparkling','Dry',2007,'Champagne Blend','4'),(246,'Dom Ruinart Rose Millesime',265,'Sparkling','Semi-Sweet',2002,'Champagne Blend','4'),(247,'Louis Roederer Brut Millesime Rose',69,'Sparkling','Semi-Sweet',2013,'Champagne Blend','4'),(248,'Jacques Selosse Brut Rose',255,'Sparkling','Dry',2003,'Champagne Blend','4.5'),(249,'Charles Heidsieck Brut Rose',71,'Sparkling','Dry',2003,'Champagne Blend','4'),(250,'Giacomo Bologna Braida Brachetto dAcqui DOCG',17,'Sparkling','Dry',1998,'Brachetto','3'),(252,'Bottega Petalo Il Vino dell Amore Moscato Spumante Dolce',16,'Sparkling','Dry',2013,'Muscat','4'),(253,'Banfi Vigne Regali Rosa Regale Spumante',18,'Sparkling','Semi-Sweet',2008,'Brachetto','3.5'),(254,'Marenco Pineto',18,'Sparkling','Dry',2011,'Brachetto','4'),(256,'Moet & Chandon Nectar Imperial',51,'Sparkling','Semi-Sweet',2005,'Champagne Blend','4'),(257,'Cleto Chiarli Lambrusco',12,'Sparkling','Semi-Sweet',2003,'Lambrusco','4'),(258,'West Prairie White',10,'White','Dry',2016,'Rare White Blend','4'),(259,'Door County Blackberry Merlot',15,'Red','Semi-Sweet',2015,'Merlot','4.5'),(260,'3 Cheers',13,'Red','Dry',2017,'Pinot Noir','4.5'),(261,'Elmaro Edelweiss',15,'White','Dry',2014,'Edelweiss','4'),(262,'Cedarburg Spice',9,'Red','Dry',2017,'Marechal Foch','3.5'),(263,'La Crescent',22,'White','Dry',2017,'Rare White Blend','3.5'),(264,'GHV Frontenac Rose',16,'Rose','Semi-Sweet',2015,'Frontenac','4.5'),(265,'Chocolate Reserve Port',20,'Dessert','Sweet',2016,'Marechal Foch','5');
UNLOCK TABLES;

-- Dump completed on 2018-12-09 19:05:55
